INSERT INTO PAGES_UI
(PAGE_CODE, MODULE_CODE, PAGE_URL, MENU_NAME, SHOW_MENU, SEQUENCE_NO, MENU_LEVEL, PARENT_PAGE_CODE, IMAGE, ROLE_CODE, DOMAIN_TYPE, CATEGORY_CODE, PAGE_TYPE, APP_NAME, IS_DEFAULT)
VALUES('P_DYNAMIC_REPORTS', 'COMMON', '/dynamicReports/generate', 'Reports', 'Y', 31, '1', 'ROOT', 'assets/images/recharge_icons/recharge.svg', NULL, 'OPERATOR', NULL, NULL, 'eTopup', NULL);

INSERT INTO PAGES_UI
(PAGE_CODE, MODULE_CODE, PAGE_URL, MENU_NAME, SHOW_MENU, SEQUENCE_NO, MENU_LEVEL, PARENT_PAGE_CODE, IMAGE, ROLE_CODE, DOMAIN_TYPE, CATEGORY_CODE, PAGE_TYPE, APP_NAME, IS_DEFAULT)
VALUES('P_REPORTS_OFFLINE', 'COMMON', '/dynamicReports/async', 'Downloaded Reports', 'Y', 31.2, '2', 'P_DYNAMIC_REPORTS', 'assets/images/recharge_icons/recharge.svg', NULL, 'OPERATOR', NULL, NULL, 'eTopup', NULL);

INSERT INTO PAGES_UI
(PAGE_CODE, MODULE_CODE, PAGE_URL, MENU_NAME, SHOW_MENU, SEQUENCE_NO, MENU_LEVEL, PARENT_PAGE_CODE, IMAGE, ROLE_CODE, DOMAIN_TYPE, CATEGORY_CODE, PAGE_TYPE, APP_NAME, IS_DEFAULT)
VALUES('P_GENERATE_REPORTS', 'COMMON', '/dynamicReports/generate', 'Generate Reports', 'Y', 31.1, '2', 'P_DYNAMIC_REPORTS', 'assets/images/recharge_icons/recharge.svg', NULL, 'OPERATOR', NULL, NULL, 'eTopup', NULL);


INSERT INTO role_ui_mapping
(role_ui_parent_id, role_ui_id, rule_code)
VALUES('networkAdmin', 'Modify_Operator_User', 'EDITUSER');
INSERT INTO role_ui_mapping
(role_ui_parent_id, role_ui_id, rule_code)
VALUES('superAdmin', 'Modify_Operator_User', 'EDITUSER');

INSERT INTO role_ui_mapping
(role_ui_parent_id, role_ui_id, rule_code)
VALUES('networkAdmin', 'Add_Operator_User', 'ADDUSER');
INSERT INTO role_ui_mapping
(role_ui_parent_id, role_ui_id, rule_code)
VALUES('superAdmin', 'Add_Operator_User', 'ADDUSER');

INSERT INTO role_ui_mapping
(role_ui_parent_id, role_ui_id, rule_code)
VALUES('networkAdmin', 'View_Operator_User', 'VIEWUSER');
INSERT INTO role_ui_mapping
(role_ui_parent_id, role_ui_id, rule_code)
VALUES('superAdmin', 'View_Operator_User', 'VIEWUSER');

INSERT INTO role_ui_mapping
(role_ui_parent_id, role_ui_id, rule_code)
VALUES('superAdmin', 'Add_Message_Gateway', 'MESSAGEGATEWAY');
INSERT INTO role_ui_mapping
(role_ui_parent_id, role_ui_id, rule_code)
VALUES('superAdmin', 'Modify_Message_Gateway', 'MODMESSAGEGATEWAY');

INSERT INTO role_ui_mapping
(role_ui_parent_id, role_ui_id, rule_code)
VALUES('networkAdmin', 'Add_Batch_Opt_User', 'INITBATCHOPTUSER');

INSERT INTO role_ui_mapping
(role_ui_parent_id, role_ui_id, rule_code)
VALUES('networkAdmin', 'Delete_Batch_Opt_User', 'DELBATCHOPTUSER');

--PRETUPS-25330
INSERT INTO role_ui_mapping
(role_ui_parent_id, role_ui_id, rule_code)
VALUES('networkAdmin', 'Stock_Transaction', 'ININWSTOCK');

--PRETUPS-25331
INSERT INTO role_ui_mapping
(role_ui_parent_id, role_ui_id, rule_code)
VALUES('networkAdmin', 'Batch_C2S_Modify', 'BATCGMOD');
INSERT INTO role_ui_mapping
(role_ui_parent_id, role_ui_id, rule_code)
VALUES('networkAdmin', 'Add_C2S_Card_Group', 'ADDC2SCARDGRP');
INSERT INTO role_ui_mapping
(role_ui_parent_id, role_ui_id, rule_code)
VALUES('networkAdmin', 'View_C2S_Card_Group', 'VIEWC2SCARDGRP');
INSERT INTO role_ui_mapping
(role_ui_parent_id, role_ui_id, rule_code)
VALUES('networkAdmin', 'Suspend_C2S_Card_Group', 'SUSC2SCARDGRP');
INSERT INTO role_ui_mapping
(role_ui_parent_id, role_ui_id, rule_code)
VALUES('networkAdmin', 'Modify_C2S_Card_Group', 'EDITC2SCARDGRP');
INSERT INTO role_ui_mapping
(role_ui_parent_id, role_ui_id, rule_code)
VALUES('networkAdmin', 'Default_C2S_Card_Group', 'DFLTC2SCARDGRP');
INSERT INTO role_ui_mapping
(role_ui_parent_id, role_ui_id, rule_code)
VALUES('networkAdmin', 'Calculate_C2S_Card_Group', 'VIEWC2STRANSRULE');

--PRETUPS-25334
INSERT INTO role_ui_mapping
(role_ui_parent_id, role_ui_id, rule_code)
VALUES('networkAdmin', 'Batch_VCG_Modify', 'VMSBATCGMOD');
INSERT INTO role_ui_mapping
(role_ui_parent_id, role_ui_id, rule_code)
VALUES('networkAdmin', 'Add_VCG_Card_Group', 'VMSADDCARDGRP');
INSERT INTO role_ui_mapping
(role_ui_parent_id, role_ui_id, rule_code)
VALUES('networkAdmin', 'View_VCG_Card_Group', 'VMSVIEWCARDGRP');
INSERT INTO role_ui_mapping
(role_ui_parent_id, role_ui_id, rule_code)
VALUES('networkAdmin', 'Modify_VCG_Card_Group', 'VMSEDITCARDGRP');
INSERT INTO role_ui_mapping
(role_ui_parent_id, role_ui_id, rule_code)
VALUES('networkAdmin', 'Default_VCG_Card_Group', 'VMSDFLTCARDGRP');
INSERT INTO role_ui_mapping
(role_ui_parent_id, role_ui_id, rule_code)
VALUES('networkAdmin', 'Calculate_VCG_Card_Group', 'VMSVIEWTRANSRULE');
INSERT INTO role_ui_mapping
(role_ui_parent_id, role_ui_id, rule_code)
VALUES('networkAdmin', 'Suspend_VCG_Card_Group', 'VMSSUSCARDGRP');
 
--PRETUPS-25296
UPDATE CATEGORIES
SET CATEGORY_NAME='Super Network Admin', DOMAIN_CODE='OPT', SEQUENCE_NO=3, GRPH_DOMAIN_TYPE='NW', MULTIPLE_GRPH_DOMAINS='N', WEB_INTERFACE_ALLOWED='Y', SMS_INTERFACE_ALLOWED='N', FIXED_ROLES='N', MULTIPLE_LOGIN_ALLOWED='Y', VIEW_ON_NETWORK_BLOCK='Y', MAX_LOGIN_COUNT=50, STATUS='Y', CREATED_ON=TIMESTAMP '2016-02-29 14:55:30.000000', CREATED_BY='SU0001', MODIFIED_ON=TIMESTAMP '2016-02-29 15:26:57.000000', MODIFIED_BY='SU0001', DISPLAY_ALLOWED='N', MODIFY_ALLOWED='N', MAX_TXN_MSISDN=1, UNCNTRL_TRANSFER_ALLOWED='Y', SCHEDULED_TRANSFER_ALLOWED='N', RESTRICTED_MSISDNS='N', PARENT_CATEGORY_CODE='SUNADM', USER_ID_PREFIX='NA', SERVICES_ALLOWED='Y', PRODUCT_TYPES_ALLOWED='Y', DOMAIN_ALLOWED='Y', FIXED_DOMAINS='F', OUTLETS_ALLOWED='N', AGENT_ALLOWED='N', HIERARCHY_ALLOWED='N', CATEGORY_TYPE=NULL, TRANSFERTOLISTONLY='N', LOW_BAL_ALERT_ALLOW='Y', CP2P_PAYEE_STATUS='N', CP2P_PAYER_STATUS='N', C2S_PAYEE_STATUS='N', CP2P_WITHIN_LIST='N', CP2P_WITHIN_LIST_LEVEL='O', FIXED_PROFILE_ALLOWED='N', REG_CHARGES_APPLICABLE=NULL, AUTHENTICATION_TYPE='NA'
WHERE CATEGORY_CODE='SUNADM';


--PRETUPS-25344
INSERT INTO IDS
(ID_YEAR, ID_TYPE, NETWORK_CODE, LAST_NO, LAST_INITIALISED_DATE, FREQUENCY, DESCRIPTION)
VALUES('2024', 'DP', 'ALL', 1, TIMESTAMP '2024-01-01 07:12:07.000000', 'DAY', NULL);

--PRETUPS-25296
UPDATE CATEGORIES
SET CATEGORY_NAME='Super Admin', DOMAIN_CODE='OPT', SEQUENCE_NO=1, GRPH_DOMAIN_TYPE='NW', MULTIPLE_GRPH_DOMAINS='N', WEB_INTERFACE_ALLOWED='Y', SMS_INTERFACE_ALLOWED='N', FIXED_ROLES='Y', MULTIPLE_LOGIN_ALLOWED='Y', VIEW_ON_NETWORK_BLOCK='Y', MAX_LOGIN_COUNT=10, STATUS='Y', CREATED_ON=TIMESTAMP '2006-12-29 00:00:00.000000', CREATED_BY='ADMIN', MODIFIED_ON=TIMESTAMP '2006-12-29 00:00:00.000000', MODIFIED_BY='ADMIN', DISPLAY_ALLOWED='N', MODIFY_ALLOWED='N', MAX_TXN_MSISDN=0, UNCNTRL_TRANSFER_ALLOWED='Y', SCHEDULED_TRANSFER_ALLOWED='N', RESTRICTED_MSISDNS='N', PARENT_CATEGORY_CODE='Operator', USER_ID_PREFIX='SU', SERVICES_ALLOWED='N', PRODUCT_TYPES_ALLOWED='N', DOMAIN_ALLOWED='Y', FIXED_DOMAINS='F', OUTLETS_ALLOWED='N', AGENT_ALLOWED='N', HIERARCHY_ALLOWED='N', CATEGORY_TYPE=NULL, TRANSFERTOLISTONLY='N', LOW_BAL_ALERT_ALLOW='Y', CP2P_PAYEE_STATUS='N', CP2P_PAYER_STATUS='N', C2S_PAYEE_STATUS='N', CP2P_WITHIN_LIST='N', CP2P_WITHIN_LIST_LEVEL='O', FIXED_PROFILE_ALLOWED='N', REG_CHARGES_APPLICABLE=NULL, AUTHENTICATION_TYPE='SSO'
WHERE CATEGORY_CODE='SUADM';
UPDATE CATEGORIES
SET CATEGORY_NAME='Sub Super Admin', DOMAIN_CODE='OPT', SEQUENCE_NO=2, GRPH_DOMAIN_TYPE='NW', MULTIPLE_GRPH_DOMAINS='N', WEB_INTERFACE_ALLOWED='Y', SMS_INTERFACE_ALLOWED='N', FIXED_ROLES='N', MULTIPLE_LOGIN_ALLOWED='Y', VIEW_ON_NETWORK_BLOCK='Y', MAX_LOGIN_COUNT=10, STATUS='Y', CREATED_ON=TIMESTAMP '2010-08-18 04:49:48.000000', CREATED_BY='ADMIN', MODIFIED_ON=TIMESTAMP '2010-08-18 04:49:48.000000', MODIFIED_BY='ADMIN', DISPLAY_ALLOWED='N', MODIFY_ALLOWED='N', MAX_TXN_MSISDN=2, UNCNTRL_TRANSFER_ALLOWED='N', SCHEDULED_TRANSFER_ALLOWED='N', RESTRICTED_MSISDNS='N', PARENT_CATEGORY_CODE='Operator', USER_ID_PREFIX='SU', SERVICES_ALLOWED='N', PRODUCT_TYPES_ALLOWED='Y', DOMAIN_ALLOWED='Y', FIXED_DOMAINS='F', OUTLETS_ALLOWED='N', AGENT_ALLOWED='N', HIERARCHY_ALLOWED='N', CATEGORY_TYPE=NULL, TRANSFERTOLISTONLY='N', LOW_BAL_ALERT_ALLOW='Y', CP2P_PAYEE_STATUS='N', CP2P_PAYER_STATUS='N', C2S_PAYEE_STATUS='N', CP2P_WITHIN_LIST='N', CP2P_WITHIN_LIST_LEVEL='O', FIXED_PROFILE_ALLOWED='N', REG_CHARGES_APPLICABLE=NULL, AUTHENTICATION_TYPE='NA'
WHERE CATEGORY_CODE='SSADM';
UPDATE CATEGORIES
SET CATEGORY_NAME='Network Admin', DOMAIN_CODE='OPT', SEQUENCE_NO=3, GRPH_DOMAIN_TYPE='NW', MULTIPLE_GRPH_DOMAINS='N', WEB_INTERFACE_ALLOWED='Y', SMS_INTERFACE_ALLOWED='N', FIXED_ROLES='N', MULTIPLE_LOGIN_ALLOWED='Y', VIEW_ON_NETWORK_BLOCK='Y', MAX_LOGIN_COUNT=50, STATUS='Y', CREATED_ON=TIMESTAMP '2006-12-29 00:00:00.000000', CREATED_BY='ADMIN', MODIFIED_ON=TIMESTAMP '2006-12-29 00:00:00.000000', MODIFIED_BY='ADMIN', DISPLAY_ALLOWED='Y', MODIFY_ALLOWED='N', MAX_TXN_MSISDN=1, UNCNTRL_TRANSFER_ALLOWED='Y', SCHEDULED_TRANSFER_ALLOWED='N', RESTRICTED_MSISDNS='N', PARENT_CATEGORY_CODE='Operator', USER_ID_PREFIX='LA', SERVICES_ALLOWED='N', PRODUCT_TYPES_ALLOWED='Y', DOMAIN_ALLOWED='Y', FIXED_DOMAINS='F', OUTLETS_ALLOWED='N', AGENT_ALLOWED='N', HIERARCHY_ALLOWED='N', CATEGORY_TYPE='OPT', TRANSFERTOLISTONLY='N', LOW_BAL_ALERT_ALLOW='Y', CP2P_PAYEE_STATUS='N', CP2P_PAYER_STATUS='N', C2S_PAYEE_STATUS='N', CP2P_WITHIN_LIST='N', CP2P_WITHIN_LIST_LEVEL='O', FIXED_PROFILE_ALLOWED='N', REG_CHARGES_APPLICABLE=NULL, AUTHENTICATION_TYPE='NA'
WHERE CATEGORY_CODE='NWADM';
UPDATE CATEGORIES
SET CATEGORY_NAME='Super Network Admin', DOMAIN_CODE='OPT', SEQUENCE_NO=3, GRPH_DOMAIN_TYPE='NW', MULTIPLE_GRPH_DOMAINS='N', WEB_INTERFACE_ALLOWED='Y', SMS_INTERFACE_ALLOWED='N', FIXED_ROLES='N', MULTIPLE_LOGIN_ALLOWED='Y', VIEW_ON_NETWORK_BLOCK='Y', MAX_LOGIN_COUNT=50, STATUS='Y', CREATED_ON=TIMESTAMP '2016-02-29 14:55:30.000000', CREATED_BY='SU0001', MODIFIED_ON=TIMESTAMP '2016-02-29 15:26:57.000000', MODIFIED_BY='SU0001', DISPLAY_ALLOWED='N', MODIFY_ALLOWED='N', MAX_TXN_MSISDN=1, UNCNTRL_TRANSFER_ALLOWED='Y', SCHEDULED_TRANSFER_ALLOWED='N', RESTRICTED_MSISDNS='N', PARENT_CATEGORY_CODE='SUNADM', USER_ID_PREFIX='NA', SERVICES_ALLOWED='Y', PRODUCT_TYPES_ALLOWED='Y', DOMAIN_ALLOWED='Y', FIXED_DOMAINS='F', OUTLETS_ALLOWED='N', AGENT_ALLOWED='N', HIERARCHY_ALLOWED='N', CATEGORY_TYPE=NULL, TRANSFERTOLISTONLY='N', LOW_BAL_ALERT_ALLOW='Y', CP2P_PAYEE_STATUS='N', CP2P_PAYER_STATUS='N', C2S_PAYEE_STATUS='N', CP2P_WITHIN_LIST='N', CP2P_WITHIN_LIST_LEVEL='O', FIXED_PROFILE_ALLOWED='N', REG_CHARGES_APPLICABLE=NULL, AUTHENTICATION_TYPE='NA'
WHERE CATEGORY_CODE='SUNADM';
UPDATE CATEGORIES
SET CATEGORY_NAME='Customer Care', DOMAIN_CODE='OPT', SEQUENCE_NO=4, GRPH_DOMAIN_TYPE='NW', MULTIPLE_GRPH_DOMAINS='N', WEB_INTERFACE_ALLOWED='Y', SMS_INTERFACE_ALLOWED='N', FIXED_ROLES='N', MULTIPLE_LOGIN_ALLOWED='N', VIEW_ON_NETWORK_BLOCK='N', MAX_LOGIN_COUNT=50, STATUS='Y', CREATED_ON=TIMESTAMP '2006-12-29 00:00:00.000000', CREATED_BY='ADMIN', MODIFIED_ON=TIMESTAMP '2006-12-29 00:00:00.000000', MODIFIED_BY='ADMIN', DISPLAY_ALLOWED='Y', MODIFY_ALLOWED='N', MAX_TXN_MSISDN=0, UNCNTRL_TRANSFER_ALLOWED='Y', SCHEDULED_TRANSFER_ALLOWED='N', RESTRICTED_MSISDNS='N', PARENT_CATEGORY_CODE='Operator', USER_ID_PREFIX='CC', SERVICES_ALLOWED='N', PRODUCT_TYPES_ALLOWED='N', DOMAIN_ALLOWED='Y', FIXED_DOMAINS='F', OUTLETS_ALLOWED='N', AGENT_ALLOWED='N', HIERARCHY_ALLOWED='N', CATEGORY_TYPE=NULL, TRANSFERTOLISTONLY='N', LOW_BAL_ALERT_ALLOW='Y', CP2P_PAYEE_STATUS='N', CP2P_PAYER_STATUS='N', C2S_PAYEE_STATUS='N', CP2P_WITHIN_LIST='N', CP2P_WITHIN_LIST_LEVEL='O', FIXED_PROFILE_ALLOWED='N', REG_CHARGES_APPLICABLE=NULL, AUTHENTICATION_TYPE='NA'
WHERE CATEGORY_CODE='CCE';
UPDATE CATEGORIES
SET CATEGORY_NAME='Channel Admin', DOMAIN_CODE='OPT', SEQUENCE_NO=4, GRPH_DOMAIN_TYPE='ZO', MULTIPLE_GRPH_DOMAINS='Y', WEB_INTERFACE_ALLOWED='Y', SMS_INTERFACE_ALLOWED='N', FIXED_ROLES='N', MULTIPLE_LOGIN_ALLOWED='Y', VIEW_ON_NETWORK_BLOCK='N', MAX_LOGIN_COUNT=100, STATUS='Y', CREATED_ON=TIMESTAMP '2006-12-29 00:00:00.000000', CREATED_BY='ADMIN', MODIFIED_ON=TIMESTAMP '2006-12-29 00:00:00.000000', MODIFIED_BY='ADMIN', DISPLAY_ALLOWED='Y', MODIFY_ALLOWED='Y', MAX_TXN_MSISDN=2, UNCNTRL_TRANSFER_ALLOWED='Y', SCHEDULED_TRANSFER_ALLOWED='N', RESTRICTED_MSISDNS='N', PARENT_CATEGORY_CODE='Operator', USER_ID_PREFIX='BC', SERVICES_ALLOWED='N', PRODUCT_TYPES_ALLOWED='Y', DOMAIN_ALLOWED='Y', FIXED_DOMAINS='A', OUTLETS_ALLOWED='N', AGENT_ALLOWED='N', HIERARCHY_ALLOWED='N', CATEGORY_TYPE=NULL, TRANSFERTOLISTONLY='N', LOW_BAL_ALERT_ALLOW='Y', CP2P_PAYEE_STATUS='N', CP2P_PAYER_STATUS='N', C2S_PAYEE_STATUS='N', CP2P_WITHIN_LIST='N', CP2P_WITHIN_LIST_LEVEL='O', FIXED_PROFILE_ALLOWED='N', REG_CHARGES_APPLICABLE=NULL, AUTHENTICATION_TYPE='NA'
WHERE CATEGORY_CODE='BCU';
UPDATE CATEGORIES
SET CATEGORY_NAME='Super Channel Admin', DOMAIN_CODE='OPT', SEQUENCE_NO=4, GRPH_DOMAIN_TYPE='ZO', MULTIPLE_GRPH_DOMAINS='Y', WEB_INTERFACE_ALLOWED='Y', SMS_INTERFACE_ALLOWED='N', FIXED_ROLES='N', MULTIPLE_LOGIN_ALLOWED='Y', VIEW_ON_NETWORK_BLOCK='N', MAX_LOGIN_COUNT=1000, STATUS='Y', CREATED_ON=TIMESTAMP '2016-02-29 16:19:24.000000', CREATED_BY='SU0001', MODIFIED_ON=TIMESTAMP '2016-02-29 16:19:24.000000', MODIFIED_BY='SU0001', DISPLAY_ALLOWED='N', MODIFY_ALLOWED='Y', MAX_TXN_MSISDN=2, UNCNTRL_TRANSFER_ALLOWED='Y', SCHEDULED_TRANSFER_ALLOWED='N', RESTRICTED_MSISDNS='N', PARENT_CATEGORY_CODE='Operator', USER_ID_PREFIX='SB', SERVICES_ALLOWED='Y', PRODUCT_TYPES_ALLOWED='Y', DOMAIN_ALLOWED='Y', FIXED_DOMAINS='A', OUTLETS_ALLOWED='N', AGENT_ALLOWED='N', HIERARCHY_ALLOWED='Y', CATEGORY_TYPE=NULL, TRANSFERTOLISTONLY='N', LOW_BAL_ALERT_ALLOW='Y', CP2P_PAYEE_STATUS='N', CP2P_PAYER_STATUS='N', C2S_PAYEE_STATUS='N', CP2P_WITHIN_LIST='N', CP2P_WITHIN_LIST_LEVEL='O', FIXED_PROFILE_ALLOWED='N', REG_CHARGES_APPLICABLE=NULL, AUTHENTICATION_TYPE='NA'
WHERE CATEGORY_CODE='SUBCU';
UPDATE CATEGORIES
SET CATEGORY_NAME='Super Customer Care', DOMAIN_CODE='OPT', SEQUENCE_NO=4, GRPH_DOMAIN_TYPE='NW', MULTIPLE_GRPH_DOMAINS='N', WEB_INTERFACE_ALLOWED='Y', SMS_INTERFACE_ALLOWED='N', FIXED_ROLES='N', MULTIPLE_LOGIN_ALLOWED='N', VIEW_ON_NETWORK_BLOCK='N', MAX_LOGIN_COUNT=50, STATUS='Y', CREATED_ON=TIMESTAMP '2016-03-03 12:38:14.000000', CREATED_BY='SU0001', MODIFIED_ON=TIMESTAMP '2016-03-03 12:38:14.000000', MODIFIED_BY='SU0001', DISPLAY_ALLOWED='Y', MODIFY_ALLOWED='Y', MAX_TXN_MSISDN=1, UNCNTRL_TRANSFER_ALLOWED='Y', SCHEDULED_TRANSFER_ALLOWED='N', RESTRICTED_MSISDNS='N', PARENT_CATEGORY_CODE='SUCCE', USER_ID_PREFIX='SR', SERVICES_ALLOWED='Y', PRODUCT_TYPES_ALLOWED='Y', DOMAIN_ALLOWED='Y', FIXED_DOMAINS='F', OUTLETS_ALLOWED='N', AGENT_ALLOWED='N', HIERARCHY_ALLOWED='N', CATEGORY_TYPE='CHUSR', TRANSFERTOLISTONLY='N', LOW_BAL_ALERT_ALLOW='Y', CP2P_PAYEE_STATUS='N', CP2P_PAYER_STATUS='N', C2S_PAYEE_STATUS='N', CP2P_WITHIN_LIST='N', CP2P_WITHIN_LIST_LEVEL='O', FIXED_PROFILE_ALLOWED='N', REG_CHARGES_APPLICABLE=NULL, AUTHENTICATION_TYPE='LDAP'
WHERE CATEGORY_CODE='SUCCE';
UPDATE CATEGORIES
SET CATEGORY_NAME='Monitor Server', DOMAIN_CODE='OPT', SEQUENCE_NO=5, GRPH_DOMAIN_TYPE='NW', MULTIPLE_GRPH_DOMAINS='N', WEB_INTERFACE_ALLOWED='Y', SMS_INTERFACE_ALLOWED='N', FIXED_ROLES='Y', MULTIPLE_LOGIN_ALLOWED='Y', VIEW_ON_NETWORK_BLOCK='Y', MAX_LOGIN_COUNT=10, STATUS='Y', CREATED_ON=TIMESTAMP '2006-05-30 00:00:00.000000', CREATED_BY='ADMIN', MODIFIED_ON=TIMESTAMP '2006-05-30 00:00:00.000000', MODIFIED_BY='ADMIN', DISPLAY_ALLOWED='N', MODIFY_ALLOWED='Y', MAX_TXN_MSISDN=0, UNCNTRL_TRANSFER_ALLOWED='N', SCHEDULED_TRANSFER_ALLOWED='N', RESTRICTED_MSISDNS='N', PARENT_CATEGORY_CODE='Operator', USER_ID_PREFIX='SA', SERVICES_ALLOWED='Y', PRODUCT_TYPES_ALLOWED='Y', DOMAIN_ALLOWED='Y', FIXED_DOMAINS='F', OUTLETS_ALLOWED='N', AGENT_ALLOWED='N', HIERARCHY_ALLOWED='N', CATEGORY_TYPE=NULL, TRANSFERTOLISTONLY='N', LOW_BAL_ALERT_ALLOW='Y', CP2P_PAYEE_STATUS='N', CP2P_PAYER_STATUS='N', C2S_PAYEE_STATUS='N', CP2P_WITHIN_LIST='N', CP2P_WITHIN_LIST_LEVEL='O', FIXED_PROFILE_ALLOWED='N', REG_CHARGES_APPLICABLE=NULL, AUTHENTICATION_TYPE='NA'
WHERE CATEGORY_CODE='MONTR';
UPDATE CATEGORIES
SET CATEGORY_NAME='AYU', DOMAIN_CODE='OPT', SEQUENCE_NO=6, GRPH_DOMAIN_TYPE='AR', MULTIPLE_GRPH_DOMAINS='N', WEB_INTERFACE_ALLOWED='Y', SMS_INTERFACE_ALLOWED='N', FIXED_ROLES='Y', MULTIPLE_LOGIN_ALLOWED='Y', VIEW_ON_NETWORK_BLOCK='N', MAX_LOGIN_COUNT=1, STATUS='Y', CREATED_ON=TIMESTAMP '2023-07-12 12:56:43.000000', CREATED_BY='SU0001', MODIFIED_ON=TIMESTAMP '2023-07-12 12:56:43.000000', MODIFIED_BY='SU0001', DISPLAY_ALLOWED='Y', MODIFY_ALLOWED='Y', MAX_TXN_MSISDN=6, UNCNTRL_TRANSFER_ALLOWED='N', SCHEDULED_TRANSFER_ALLOWED='N', RESTRICTED_MSISDNS='N', PARENT_CATEGORY_CODE='OPT', USER_ID_PREFIX='KK', SERVICES_ALLOWED='Y', PRODUCT_TYPES_ALLOWED='N', DOMAIN_ALLOWED='N', FIXED_DOMAINS='N', OUTLETS_ALLOWED='N', AGENT_ALLOWED='N', HIERARCHY_ALLOWED='N', CATEGORY_TYPE='CHUSR', TRANSFERTOLISTONLY='N', LOW_BAL_ALERT_ALLOW='N', CP2P_PAYEE_STATUS='N', CP2P_PAYER_STATUS='N', C2S_PAYEE_STATUS='N', CP2P_WITHIN_LIST='N', CP2P_WITHIN_LIST_LEVEL='D', FIXED_PROFILE_ALLOWED='N', REG_CHARGES_APPLICABLE=NULL, AUTHENTICATION_TYPE='NA'
WHERE CATEGORY_CODE='AYU';

--PRETUPS-25428
INSERT INTO role_ui_mapping
(role_ui_parent_id, role_ui_id, rule_code)
VALUES('networkAdmin', 'Network_Deduction_Approval1', 'NWSTKDDUCAVL');
INSERT INTO role_ui_mapping
(role_ui_parent_id, role_ui_id, rule_code)
VALUES('networkAdmin', 'Network_Transaction_Approval1', 'NWLEVL1APPROVAL');


INSERT INTO IDS
(ID_YEAR, ID_TYPE, NETWORK_CODE, LAST_NO, LAST_INITIALISED_DATE, FREQUENCY, DESCRIPTION)
VALUES('2024', 'FB', 'NG', 1, TIMESTAMP '2024-01-01 15:58:50.000000', 'DAY', NULL);

--PRETUPS-25633
INSERT INTO role_ui_mapping
(role_ui_parent_id, role_ui_id, rule_code)
VALUES('homeScreen', 'Channel_Admin_Voucher', 'VPINRED');
INSERT INTO PAGE_UI_ROLES
(ROLE_CODE, PAGE_CODE)
VALUES('VPINRED', 'P_VOUCH_PIN_RESEND');


INSERT INTO roles
(domain_type, role_code, role_name, group_name, status, role_type, from_hour, to_hour, group_role, application_id, gateway_types, role_for, is_default, is_default_grouprole, access_type, sub_group_name, sub_group_role, view_roles)
VALUES('DISTB_CHAN', 'USERMIGAD', 'User Migration', 'Home Screen', 'Y', 'A', NULL, NULL, 'N', '1', 'WEB', 'B', 'N', 'N', 'B', 'User Migration', 'Y', 'Y');

INSERT INTO PAGES_UI
(PAGE_CODE, MODULE_CODE, PAGE_URL, MENU_NAME, SHOW_MENU, SEQUENCE_NO, MENU_LEVEL, PARENT_PAGE_CODE, IMAGE, ROLE_CODE, DOMAIN_TYPE, CATEGORY_CODE, PAGE_TYPE, APP_NAME, IS_DEFAULT)
VALUES('P_VOUCH_PIN_RESEND', 'COMMON', '/voucher-resend', 'Voucher PIN Resed', 'Y', 2, '1', 'ROOT', 'assets/images/UserBarring/svg/UserBarring@1.5x.svg', NULL, NULL, NULL, 'home_actions', NULL, NULL);

INSERT INTO PAGE_UI_ROLES
(ROLE_CODE, PAGE_CODE)
VALUES('UTRFCNFOTP', 'P_USR_TRF_OTP');

INSERT INTO category_roles
(category_code, role_code, application_id)
VALUES('DIST', 'USERMIGAD', '1 ');
INSERT INTO USER_ROLES
(USER_ID, ROLE_CODE, GATEWAY_TYPES)
VALUES('NGD0000273914', 'USERMIGAD', 'WEB');


INSERT INTO CATEGORY_ROLES
(CATEGORY_CODE, ROLE_CODE, APPLICATION_ID)
VALUES('DIST', 'USERMOVEMENT', '1');

--PRETUPS-25610
INSERT INTO role_ui_mapping
(role_ui_parent_id, role_ui_id, rule_code)
VALUES('homeScreen', 'UnBar_User_Bulk', 'UNBARRUSERBULK');

INSERT INTO role_ui_mapping
(role_ui_parent_id, role_ui_id, rule_code)
VALUES('homeScreen', 'Bar_User_Bulk', 'BARRUSERBULK');

--PRETUPS-25647
INSERT INTO role_ui_mapping
(role_ui_parent_id, role_ui_id, rule_code)
VALUES('networkAdmin', 'Add_Product_Interface_Map', 'ROLESRVMAP');

INSERT INTO role_ui_mapping
(role_ui_parent_id, role_ui_id, rule_code)
VALUES('networkAdmin', 'Modify_Product_Interface_Map', 'ROLEMSRVMAP');

--PRETUPS-25677
INSERT INTO CATEGORY_ROLES
(CATEGORY_CODE, ROLE_CODE, APPLICATION_ID)
VALUES('NWADM', 'SRVMGMT', '1');

--PRETUPS-25654
INSERT INTO role_ui_mapping
(role_ui_parent_id, role_ui_id, rule_code)
VALUES('networkAdmin', 'cell_ID_Associate', 'CELLIDMGT');

INSERT INTO role_ui_mapping
(role_ui_parent_id, role_ui_id, rule_code)
VALUES('networkAdmin', 'cell_ID_Re_Associate', 'CELLIDRASS');

--PRETUPS-25685
INSERT INTO IDS
(ID_YEAR, ID_TYPE, NETWORK_CODE, LAST_NO, LAST_INITIALISED_DATE, FREQUENCY, DESCRIPTION)
VALUES('2024', 'VMBTCHUD', 'ALL', 1, TIMESTAMP '2024-01-01 10:01:14.000000', 'NA', NULL);

--PRETUPS-25278
INSERT INTO role_ui_mapping
(role_ui_parent_id, role_ui_id, rule_code)
VALUES('channelUser', 'Change_status', 'CHANGEROLE');

UPDATE CATEGORIES
SET CATEGORY_NAME='Customer Care', DOMAIN_CODE='OPT', SEQUENCE_NO=4, GRPH_DOMAIN_TYPE='NW', MULTIPLE_GRPH_DOMAINS='N', WEB_INTERFACE_ALLOWED='Y', SMS_INTERFACE_ALLOWED='N', FIXED_ROLES='N', MULTIPLE_LOGIN_ALLOWED='N', VIEW_ON_NETWORK_BLOCK='N', MAX_LOGIN_COUNT=50, STATUS='Y', CREATED_ON=TIMESTAMP '2006-12-29 00:00:00.000000', CREATED_BY='ADMIN', MODIFIED_ON=TIMESTAMP '2006-12-29 00:00:00.000000', MODIFIED_BY='ADMIN', DISPLAY_ALLOWED='Y', MODIFY_ALLOWED='N', MAX_TXN_MSISDN=0, UNCNTRL_TRANSFER_ALLOWED='Y', SCHEDULED_TRANSFER_ALLOWED='N', RESTRICTED_MSISDNS='N', PARENT_CATEGORY_CODE='Operator', USER_ID_PREFIX='CC', SERVICES_ALLOWED='Y', PRODUCT_TYPES_ALLOWED='N', DOMAIN_ALLOWED='Y', FIXED_DOMAINS='F', OUTLETS_ALLOWED='N', AGENT_ALLOWED='N', HIERARCHY_ALLOWED='N', CATEGORY_TYPE=NULL, TRANSFERTOLISTONLY='N', LOW_BAL_ALERT_ALLOW='Y', CP2P_PAYEE_STATUS='N', CP2P_PAYER_STATUS='N', C2S_PAYEE_STATUS='N', CP2P_WITHIN_LIST='N', CP2P_WITHIN_LIST_LEVEL='O', FIXED_PROFILE_ALLOWED='N', REG_CHARGES_APPLICABLE=NULL, AUTHENTICATION_TYPE='NA'
WHERE CATEGORY_CODE='CCE';

INSERT INTO IDS
(ID_YEAR, ID_TYPE, NETWORK_CODE, LAST_NO, LAST_INITIALISED_DATE, FREQUENCY, DESCRIPTION)
VALUES('ALL', 'CLGRP', 'ALL', 28, TIMESTAMP '2024-05-27 19:05:20.000000', 'MINUTES', 'CELL GROUP ID');

UPDATE INSTANCE_LOAD
SET INSTANCE_NAME='REST-TXN YOGESH', CURRENT_STATUS='Y', IP='pretups-pvg.comviva.com', PORT='6791', INSTANCE_LOAD=100, CREATED_ON=TIMESTAMP '2006-05-30 00:00:00.000000', CREATED_BY='ADMIN', MODIFIED_ON=TIMESTAMP '2010-05-31 00:00:00.000000', MODIFIED_BY='ADMIN', INSTANCE_TPS=100, REQUEST_TIME_OUT=1000, INSTANCE_TYPE='REST', LOAD_TYPE_TPS='N', MAX_ALLOWED_LOAD=1000, MAX_ALLOWED_TPS=200, MODULE='C2S', SHOW_SMSC_STAT='Y', SHOW_OAM_LOGS='N', IS_DR='P', AUTHENTICATION_PASS='G23QYHTfjWlJFc2sU0PYiSIv+4o1JjR9htycY1T+a3A=', CONTEXT='pretups', STATUS=NULL
WHERE INSTANCE_ID='50';

INSERT INTO NETWORK_LOAD
(INSTANCE_ID, NETWORK_CODE, NETWORK_LOAD, REQUEST_TIME_OUT, MIN_PROCESS_TIME, CREATED_ON, CREATED_BY, MODIFIED_ON, MODIFIED_BY, NETWORK_TPS, C2S_INSTANCE_ID, P2P_INSTANCE_ID, RST_INSTANCE_ID)
VALUES('50', 'NG', 100, 1000, 1000, TIMESTAMP '2005-09-07 00:00:00.000000', 'ADMIN', TIMESTAMP '2006-06-20 11:50:52.000000', 'SU0001', 100, '15', '15', '50');

-- Akhilesh Commit Start

INSERT INTO "PRTP7_64ORC"."USER_ROLE_EVENTS" (USER_ID, ROLE_CODE, EVENT_CODE, GATEWAY_TYPE, STATUS) VALUES ('NGLA0000273912', 'R_VOMSGENVOUAPPR2', 'E_APPROVE', 'WEB', 'Y')
INSERT INTO "PRTP7_64ORC"."USER_ROLE_EVENTS" (USER_ID, ROLE_CODE, EVENT_CODE, GATEWAY_TYPE, STATUS) VALUES ('NGLA0000273912', 'R_VOMSGENVOUAPPR2', 'E_REJECT', 'WEB', 'Y')
INSERT INTO "PRTP7_64ORC"."USER_ROLE_EVENTS" (USER_ID, ROLE_CODE, EVENT_CODE, GATEWAY_TYPE, STATUS) VALUES ('NGLA0000273912', 'R_VOMSGENVOUAPPR3', 'E_APPROVE', 'WEB', 'Y')
INSERT INTO "PRTP7_64ORC"."USER_ROLE_EVENTS" (USER_ID, ROLE_CODE, EVENT_CODE, GATEWAY_TYPE, STATUS) VALUES ('NGLA0000273912', 'R_VOMSGENVOUAPPR3', 'E_REJECT', 'WEB', 'Y')
INSERT INTO "PRTP7_64ORC"."USER_ROLE_EVENTS" (USER_ID, ROLE_CODE, EVENT_CODE, GATEWAY_TYPE, STATUS) VALUES ('NGLA0000273912', 'R_VOMSGENVOUCH', 'E_GENERATE', 'WEB', 'Y')
INSERT INTO "PRTP7_64ORC"."USER_ROLE_EVENTS" (USER_ID, ROLE_CODE, EVENT_CODE, GATEWAY_TYPE, STATUS) VALUES ('NGLA0000273912', 'R_VOMSREPORTS', 'E_REPORTS', 'WEB', 'Y')
INSERT INTO "PRTP7_64ORC"."USER_ROLE_EVENTS" (USER_ID, ROLE_CODE, EVENT_CODE, GATEWAY_TYPE, STATUS) VALUES ('NGLA0000273912', 'R_VOMSSTATUS', 'E_STATUS', 'WEB', 'Y')
INSERT INTO "PRTP7_64ORC"."USER_ROLE_EVENTS" (USER_ID, ROLE_CODE, EVENT_CODE, GATEWAY_TYPE, STATUS) VALUES ('NGLA0000273912', 'R_VOMSUPLOAD', 'E_UPLOAD', 'WEB', 'Y')
INSERT INTO "PRTP7_64ORC"."USER_ROLE_EVENTS" (USER_ID, ROLE_CODE, EVENT_CODE, GATEWAY_TYPE, STATUS) VALUES ('NGLA0000273912', 'R_VOMSVIEWCAT', 'E_ADDDENOM', 'WEB', 'Y')
INSERT INTO "PRTP7_64ORC"."USER_ROLE_EVENTS" (USER_ID, ROLE_CODE, EVENT_CODE, GATEWAY_TYPE, STATUS) VALUES ('NGLA0000273912', 'R_VOMSVIEWCAT', 'E_ADDPROF', 'WEB', 'Y')
INSERT INTO "PRTP7_64ORC"."USER_ROLE_EVENTS" (USER_ID, ROLE_CODE, EVENT_CODE, GATEWAY_TYPE, STATUS) VALUES ('NGLA0000273912', 'R_VOMSVIEWCAT', 'E_DELETEDENOM', 'WEB', 'Y')
INSERT INTO "PRTP7_64ORC"."USER_ROLE_EVENTS" (USER_ID, ROLE_CODE, EVENT_CODE, GATEWAY_TYPE, STATUS) VALUES ('NGLA0000273912', 'R_VOMSVIEWCAT', 'E_MODIFPROF', 'WEB', 'Y')
INSERT INTO "PRTP7_64ORC"."USER_ROLE_EVENTS" (USER_ID, ROLE_CODE, EVENT_CODE, GATEWAY_TYPE, STATUS) VALUES ('NGLA0000273912', 'R_VOMSVIEWCAT', 'E_MODIFYDENOM', 'WEB', 'Y')
INSERT INTO "PRTP7_64ORC"."USER_ROLE_EVENTS" (USER_ID, ROLE_CODE, EVENT_CODE, GATEWAY_TYPE, STATUS) VALUES ('NGLA0000273912', 'R_VOMSVIEWCAT', 'E_VIEWDENOM', 'WEB', 'Y')
INSERT INTO "PRTP7_64ORC"."USER_ROLE_EVENTS" (USER_ID, ROLE_CODE, EVENT_CODE, GATEWAY_TYPE, STATUS) VALUES ('NGLA0000273912', 'R_VOMSVIEWCAT', 'E_VIEWPROF', 'WEB', 'Y')
INSERT INTO "PRTP7_64ORC"."ROLES" (DOMAIN_TYPE, ROLE_CODE, ROLE_NAME, GROUP_NAME, STATUS, ROLE_TYPE, GROUP_ROLE, APPLICATION_ID, GATEWAY_TYPES, ROLE_FOR, IS_DEFAULT, IS_DEFAULT_GROUPROLE, ACCESS_TYPE, SUB_GROUP_NAME, SUB_GROUP_ROLE, VIEW_ROLES) VALUES ('OPERATOR', 'E_DBRD_ENQUIRY', N'Dashboard', N'Voucher Dashboard Reports', 'Y', 'A', 'N', '2', 'WEB', 'B', 'N', 'N', 'B', 'Sub_Group', 'N', 'Y')
INSERT INTO "PRTP7_64ORC"."ROLES" (DOMAIN_TYPE, ROLE_CODE, ROLE_NAME, GROUP_NAME, STATUS, ROLE_TYPE, GROUP_ROLE, APPLICATION_ID, GATEWAY_TYPES, ROLE_FOR, IS_DEFAULT, IS_DEFAULT_GROUPROLE, ACCESS_TYPE, SUB_GROUP_NAME, SUB_GROUP_ROLE, VIEW_ROLES) VALUES ('OPERATOR', 'E_DBRD_VAPENDING', N'Dashboard', N'Voucher Dashboard Reports', 'Y', 'A', 'N', '2', 'WEB', 'B', 'N', 'N', 'B', 'Sub_Group', 'N', 'Y')
INSERT INTO "PRTP7_64ORC"."ROLES" (DOMAIN_TYPE, ROLE_CODE, ROLE_NAME, GROUP_NAME, STATUS, ROLE_TYPE, GROUP_ROLE, APPLICATION_ID, GATEWAY_TYPES, ROLE_FOR, IS_DEFAULT, IS_DEFAULT_GROUPROLE, ACCESS_TYPE, SUB_GROUP_NAME, SUB_GROUP_ROLE, VIEW_ROLES) VALUES ('OPERATOR', 'E_DBRD_VAVBDOWNLOAD', N'Dashboard', N'Voucher Dashboard Reports', 'Y', 'A', 'N', '2', 'WEB', 'B', 'N', 'N', 'B', 'Sub_Group', 'N', 'Y')
INSERT INTO "PRTP7_64ORC"."ROLES" (DOMAIN_TYPE, ROLE_CODE, ROLE_NAME, GROUP_NAME, STATUS, ROLE_TYPE, GROUP_ROLE, APPLICATION_ID, GATEWAY_TYPES, ROLE_FOR, IS_DEFAULT, IS_DEFAULT_GROUPROLE, ACCESS_TYPE, SUB_GROUP_NAME, SUB_GROUP_ROLE, VIEW_ROLES) VALUES ('OPERATOR', 'E_DBRD_VDETGENERATE', N'Dashboard', N'Voucher Dashboard Reports', 'Y', 'A', 'N', '2', 'WEB', 'B', 'N', 'N', 'B', 'Sub_Group', 'N', 'Y')
INSERT INTO "PRTP7_64ORC"."ROLES" (DOMAIN_TYPE, ROLE_CODE, ROLE_NAME, GROUP_NAME, STATUS, ROLE_TYPE, GROUP_ROLE, APPLICATION_ID, GATEWAY_TYPES, ROLE_FOR, IS_DEFAULT, IS_DEFAULT_GROUPROLE, ACCESS_TYPE, SUB_GROUP_NAME, SUB_GROUP_ROLE, VIEW_ROLES) VALUES ('OPERATOR', 'E_DBRD_VIEWBURNRATE', N'Dashboard', N'Voucher Dashboard Reports', 'Y', 'A', 'N', '2', 'WEB', 'B', 'N', 'N', 'B', 'Sub_Group', 'N', 'Y')
INSERT INTO "PRTP7_64ORC"."ROLES" (DOMAIN_TYPE, ROLE_CODE, ROLE_NAME, GROUP_NAME, STATUS, ROLE_TYPE, GROUP_ROLE, APPLICATION_ID, GATEWAY_TYPES, ROLE_FOR, IS_DEFAULT, IS_DEFAULT_GROUPROLE, ACCESS_TYPE, SUB_GROUP_NAME, SUB_GROUP_ROLE, VIEW_ROLES) VALUES ('OPERATOR', 'E_DBRD_VIEWVOUCHCONS', N'Dashboard', N'Voucher Dashboard Reports', 'Y', 'A', 'N', '2', 'WEB', 'B', 'N', 'N', 'B', 'Sub_Group', 'N', 'Y')
INSERT INTO "PRTP7_64ORC"."ROLES" (DOMAIN_TYPE, ROLE_CODE, ROLE_NAME, GROUP_NAME, STATUS, ROLE_TYPE, GROUP_ROLE, APPLICATION_ID, GATEWAY_TYPES, ROLE_FOR, IS_DEFAULT, IS_DEFAULT_GROUPROLE, ACCESS_TYPE, SUB_GROUP_NAME, SUB_GROUP_ROLE, VIEW_ROLES) VALUES ('OPERATOR', 'E_DBRD_VOAVAILBLTY', N'Dashboard', N'Voucher Dashboard Reports', 'Y', 'A', 'N', '2', 'WEB', 'B', 'N', 'N', 'B', 'Sub_Group', 'N', 'Y')
INSERT INTO "PRTP7_64ORC"."ROLES" (DOMAIN_TYPE, ROLE_CODE, ROLE_NAME, GROUP_NAME, STATUS, ROLE_TYPE, GROUP_ROLE, APPLICATION_ID, GATEWAY_TYPES, ROLE_FOR, IS_DEFAULT, IS_DEFAULT_GROUPROLE, ACCESS_TYPE, SUB_GROUP_NAME, SUB_GROUP_ROLE, VIEW_ROLES) VALUES ('OPERATOR', 'E_DBRD_VOUCHSTATUS', N'Dashboard', N'Voucher Dashboard Reports', 'Y', 'A', 'N', '2', 'WEB', 'B', 'N', 'N', 'B', 'Sub_Group', 'N', 'Y')
INSERT INTO "PRTP7_64ORC"."ROLES" (DOMAIN_TYPE, ROLE_CODE, ROLE_NAME, GROUP_NAME, STATUS, ROLE_TYPE, GROUP_ROLE, APPLICATION_ID, GATEWAY_TYPES, ROLE_FOR, IS_DEFAULT, IS_DEFAULT_GROUPROLE, ACCESS_TYPE, SUB_GROUP_NAME, SUB_GROUP_ROLE, VIEW_ROLES) VALUES ('OPERATOR', 'E_DBRD_VSTSDOWNLOAD', N'Dashboard', N'Voucher Dashboard Reports', 'Y', 'A', 'N', '2', 'WEB', 'B', 'N', 'N', 'B', 'Sub_Group', 'N', 'Y')
UPDATE "PRTP7_64ORC"."USERS" SET INVALID_PASSWORD_COUNT = '0' WHERE ROWID = 'AAEq0JAB8AAKXE8AAU' AND ORA_ROWSCN = '212626567'

 

Commit Successful

 

 

UPDATE "PRTP7_64ORC"."USERS" SET INVALID_PASSWORD_COUNT = '0' WHERE ROWID = 'AAEq0JAB8AAKXE8AAU' AND ORA_ROWSCN = '212650605'

 

Commit Successful

 

 

Closed Connection: next

UPDATE "PRTP7_64ORC"."USERS" SET INVALID_PASSWORD_COUNT = '0' WHERE ROWID = 'AAEq0JAB8AAKXE8AAU' AND ORA_ROWSCN = '212700783'

 

Commit Successful

 

 

UPDATE "PRTP7_64ORC"."USER_PHONES" SET PRIMARY_NUMBER = 'N' WHERE ROWID = 'AAEq0rAB8AAKVukAAe' AND ORA_ROWSCN = '212701906'

 

Commit Successful

 

 

Local changes cleared

 

 

UPDATE "PRTP7_64ORC"."INTERFACE_NODE_DETAILS" SET IP = 'pretups-pvg.comviva.com' WHERE ROWID = 'AAEq1cAB8AAF9tLAAo' AND ORA_ROWSCN = '206100817'

ORA-12899: value too large for column "PRTP7_64ORC"."INTERFACE_NODE_DETAILS"."IP" (actual: 23, maximum: 15)

 

 

One error saving changes to table "PRTP7_64ORC"."INTERFACE_NODE_DETAILS":

Row 2: ORA-12899: value too large for column "PRTP7_64ORC"."INTERFACE_NODE_DETAILS"."IP" (actual: 23, maximum: 15)

 

Local changes cleared

 

 

UPDATE "PRTP7_64ORC"."INTERFACE_NODE_DETAILS" SET IP = 'pretups-pvg.comviva.com' WHERE ROWID = 'AAEq1cAB8AAF9tLAAo' AND ORA_ROWSCN = '206100817'

ORA-12899: value too large for column "PRTP7_64ORC"."INTERFACE_NODE_DETAILS"."IP" (actual: 23, maximum: 15)

 

 

One error saving changes to table "PRTP7_64ORC"."INTERFACE_NODE_DETAILS":

Row 2: ORA-12899: value too large for column "PRTP7_64ORC"."INTERFACE_NODE_DETAILS"."IP" (actual: 23, maximum: 15)

 

Local changes cleared

 

 

UPDATE "PRTP7_64ORC"."INTERFACE_NODE_DETAILS" SET IP = 'pretups-pvg.comviva.com' WHERE ROWID = 'AAEq1cAB8AAF9tLAAo' AND ORA_ROWSCN = '206100817'

 

Commit Successful

 

 

UPDATE "PRTP7_64ORC"."USER_PHONES" SET PRIMARY_NUMBER = 'Y' WHERE ROWID = 'AAEq0rAB8AAKVukAAe' AND ORA_ROWSCN = '212705096'

 

One error saving changes to table "PRTP7_64ORC"."USER_PHONES":

Row 1: Data got committed in another/same session, cannot update row.

 

UPDATE "PRTP7_64ORC"."USER_PHONES" SET PRIMARY_NUMBER = 'Y' WHERE ROWID = 'AAEq0rAB8AAKVukAAe' AND ORA_ROWSCN = '212724142'

 

Commit Successful

 

 

ORA-00904: "LOGIN_ID": invalid identifier

 

ORA-00904: "LOGIN_ID": invalid identifier

 

ORA-00904: "LOGIN_ID": invalid identifier

 

ORA-00904: "LOGIN_ID": invalid identifier

 

ORA-00904: "LOGIN_ID": invalid identifier

 

ORA-00904: "LOGIN_ID": invalid identifier

 

ORA-00904: "LOGIN_ID": invalid identifier

 

ORA-00920: invalid relational operator

 

INSERT INTO "PRTP7_64ORC"."USER_ROLE_EVENTS" (USER_ID, ROLE_CODE, EVENT_CODE, GATEWAY_TYPE, STATUS) VALUES ('NGLA0000273912', 'R_VOMSENQUIRY', 'E_ENQUIRY', 'WEB', 'Y')

INSERT INTO "PRTP7_64ORC"."USER_ROLE_EVENTS" (USER_ID, ROLE_CODE, EVENT_CODE, GATEWAY_TYPE, STATUS) VALUES ('NGLA0000273912', 'R_VOMSGENVOUAPPR1', 'E_APPROVE', 'WEB', 'Y')

INSERT INTO "PRTP7_64ORC"."USER_ROLE_EVENTS" (USER_ID, ROLE_CODE, EVENT_CODE, GATEWAY_TYPE, STATUS) VALUES ('NGLA0000273912', 'R_VOMSGENVOUAPPR1', 'E_REJECT', 'WEB', 'Y')

INSERT INTO "PRTP7_64ORC"."USER_ROLE_EVENTS" (USER_ID, ROLE_CODE, EVENT_CODE, GATEWAY_TYPE, STATUS) VALUES ('NGLA0000273912', 'R_VOMSGENVOUAPPR2', 'E_APPROVE', 'WEB', 'Y')

INSERT INTO "PRTP7_64ORC"."USER_ROLE_EVENTS" (USER_ID, ROLE_CODE, EVENT_CODE, GATEWAY_TYPE, STATUS) VALUES ('NGLA0000273912', 'R_VOMSGENVOUAPPR2', 'E_REJECT', 'WEB', 'Y')

INSERT INTO "PRTP7_64ORC"."USER_ROLE_EVENTS" (USER_ID, ROLE_CODE, EVENT_CODE, GATEWAY_TYPE, STATUS) VALUES ('NGLA0000273912', 'R_VOMSGENVOUAPPR3', 'E_APPROVE', 'WEB', 'Y')

INSERT INTO "PRTP7_64ORC"."USER_ROLE_EVENTS" (USER_ID, ROLE_CODE, EVENT_CODE, GATEWAY_TYPE, STATUS) VALUES ('NGLA0000273912', 'R_VOMSGENVOUAPPR3', 'E_REJECT', 'WEB', 'Y')

INSERT INTO "PRTP7_64ORC"."USER_ROLE_EVENTS" (USER_ID, ROLE_CODE, EVENT_CODE, GATEWAY_TYPE, STATUS) VALUES ('NGLA0000273912', 'R_VOMSGENVOUCH', 'E_GENERATE', 'WEB', 'Y')

INSERT INTO "PRTP7_64ORC"."USER_ROLE_EVENTS" (USER_ID, ROLE_CODE, EVENT_CODE, GATEWAY_TYPE, STATUS) VALUES ('NGLA0000273912', 'R_VOMSREPORTS', 'E_REPORTS', 'WEB', 'Y')

INSERT INTO "PRTP7_64ORC"."USER_ROLE_EVENTS" (USER_ID, ROLE_CODE, EVENT_CODE, GATEWAY_TYPE, STATUS) VALUES ('NGLA0000273912', 'R_VOMSSTATUS', 'E_STATUS', 'WEB', 'Y')

INSERT INTO "PRTP7_64ORC"."USER_ROLE_EVENTS" (USER_ID, ROLE_CODE, EVENT_CODE, GATEWAY_TYPE, STATUS) VALUES ('NGLA0000273912', 'R_VOMSUPLOAD', 'E_UPLOAD', 'WEB', 'Y')

INSERT INTO "PRTP7_64ORC"."USER_ROLE_EVENTS" (USER_ID, ROLE_CODE, EVENT_CODE, GATEWAY_TYPE, STATUS) VALUES ('NGLA0000273912', 'R_VOMSVIEWCAT', 'E_ADDDENOM', 'WEB', 'Y')

INSERT INTO "PRTP7_64ORC"."USER_ROLE_EVENTS" (USER_ID, ROLE_CODE, EVENT_CODE, GATEWAY_TYPE, STATUS) VALUES ('NGLA0000273912', 'R_VOMSVIEWCAT', 'E_ADDPROF', 'WEB', 'Y')

INSERT INTO "PRTP7_64ORC"."USER_ROLE_EVENTS" (USER_ID, ROLE_CODE, EVENT_CODE, GATEWAY_TYPE, STATUS) VALUES ('NGLA0000273912', 'R_VOMSVIEWCAT', 'E_DELETEDENOM', 'WEB', 'Y')

INSERT INTO "PRTP7_64ORC"."USER_ROLE_EVENTS" (USER_ID, ROLE_CODE, EVENT_CODE, GATEWAY_TYPE, STATUS) VALUES ('NGLA0000273912', 'R_VOMSVIEWCAT', 'E_MODIFPROF', 'WEB', 'Y')

INSERT INTO "PRTP7_64ORC"."USER_ROLE_EVENTS" (USER_ID, ROLE_CODE, EVENT_CODE, GATEWAY_TYPE, STATUS) VALUES ('NGLA0000273912', 'R_VOMSVIEWCAT', 'E_MODIFYDENOM', 'WEB', 'Y')

INSERT INTO "PRTP7_64ORC"."USER_ROLE_EVENTS" (USER_ID, ROLE_CODE, EVENT_CODE, GATEWAY_TYPE, STATUS) VALUES ('NGLA0000273912', 'R_VOMSVIEWCAT', 'E_VIEWDENOM', 'WEB', 'Y')

INSERT INTO "PRTP7_64ORC"."USER_ROLE_EVENTS" (USER_ID, ROLE_CODE, EVENT_CODE, GATEWAY_TYPE, STATUS) VALUES ('NGLA0000273912', 'R_VOMSVIEWCAT', 'E_VIEWPROF', 'WEB', 'Y')

 

Commit Successful

 

 

INSERT INTO "PRTP7_64ORC"."USER_ROLE_EVENTS" (USER_ID, ROLE_CODE, EVENT_CODE, GATEWAY_TYPE, STATUS) VALUES ('NGLA0000273912', 'R_VOMSVIEWCAT', 'E_ADDPROF', 'WEB', 'Y')

ORA-00001: unique constraint (PRTP7_64ORC.USER_ROLE_EVENTS_USER_ID_ROLE_CODE_EVENT_CODE_GATEWAY_TYPE_KEY) violated

ORA-06512: at line 1

 

 

One error saving changes to table "PRTP7_64ORC"."USER_ROLE_EVENTS":

Row 19: ORA-00001: unique constraint (PRTP7_64ORC.USER_ROLE_EVENTS_USER_ID_ROLE_CODE_EVENT_CODE_GATEWAY_TYPE_KEY) violated

ORA-06512: at line 1

 

INSERT INTO "PRTP7_64ORC"."USER_ROLE_EVENTS" (USER_ID, ROLE_CODE, EVENT_CODE, GATEWAY_TYPE, STATUS) VALUES ('NGLA0000273912', 'R_VOMSVIEWCAT', 'E_ADDPROF', 'WEB', 'Y')

ORA-00001: unique constraint (PRTP7_64ORC.USER_ROLE_EVENTS_USER_ID_ROLE_CODE_EVENT_CODE_GATEWAY_TYPE_KEY) violated

ORA-06512: at line 1

 

 

One error saving changes to table "PRTP7_64ORC"."USER_ROLE_EVENTS":

Row 19: ORA-00001: unique constraint (PRTP7_64ORC.USER_ROLE_EVENTS_USER_ID_ROLE_CODE_EVENT_CODE_GATEWAY_TYPE_KEY) violated

ORA-06512: at line 1

 

Local changes cleared

 

 

UPDATE "PRTP7_64ORC"."ROLE_EVENTS" SET CATEGORY_CODE = 'NWADM1' WHERE ROWID = 'AAEqxyAC/AAITNpAAx' AND ORA_ROWSCN = '165090753'

UPDATE "PRTP7_64ORC"."ROLE_EVENTS" SET CATEGORY_CODE = 'NWADM1' WHERE ROWID = 'AAEqxyAC/AAITNpAAs' AND ORA_ROWSCN = '165090753'

UPDATE "PRTP7_64ORC"."ROLE_EVENTS" SET CATEGORY_CODE = 'NWADM1' WHERE ROWID = 'AAEqxyAC/AAITNpAAu' AND ORA_ROWSCN = '165090753'

UPDATE "PRTP7_64ORC"."ROLE_EVENTS" SET CATEGORY_CODE = 'NWADM1' WHERE ROWID = 'AAEqxyAC/AAITNpAAq' AND ORA_ROWSCN = '165090753'

UPDATE "PRTP7_64ORC"."ROLE_EVENTS" SET CATEGORY_CODE = 'NWADM1' WHERE ROWID = 'AAEqxyAC/AAITNpAAw' AND ORA_ROWSCN = '165090753'

UPDATE "PRTP7_64ORC"."ROLE_EVENTS" SET CATEGORY_CODE = 'NWADM1' WHERE ROWID = 'AAEqxyAC/AAITNqAAA' AND ORA_ROWSCN = '212557450'

UPDATE "PRTP7_64ORC"."ROLE_EVENTS" SET CATEGORY_CODE = 'NWADM1' WHERE ROWID = 'AAEqxyAC/AAITNpAAe' AND ORA_ROWSCN = '165090753'

UPDATE "PRTP7_64ORC"."ROLE_EVENTS" SET CATEGORY_CODE = 'NWADM1' WHERE ROWID = 'AAEqxyAC/AAITNpAAf' AND ORA_ROWSCN = '165090753'

 

Commit Successful

 

 

INSERT INTO "PRTP7_64ORC"."ROLE_EVENTS" (CATEGORY_CODE, ROLE_CODE, EVENT_CODE, EVENT_NAME, ROLE_LABEL_KEY, EVENT_LABEL_KEY, STATUS) VALUES ('NWADM', 'R_DASHBOARD', 'E_DBRD_ENQUIRY', 'Dashboard Enquiry', 'role.label.dashboardenquiry', 'event.label.dashbrdenquiry.enquiry', 'Y')

INSERT INTO "PRTP7_64ORC"."ROLE_EVENTS" (CATEGORY_CODE, ROLE_CODE, EVENT_CODE, EVENT_NAME, ROLE_LABEL_KEY, EVENT_LABEL_KEY, STATUS) VALUES ('NWADM', 'R_DASHBOARD', 'E_DBRD_VAPENDING', 'Dashboard voucher approval pending', 'role.label.dboardVApprvlPending', 'event.label.dboardVApprvlPending.VAPending', 'Y')

INSERT INTO "PRTP7_64ORC"."ROLE_EVENTS" (CATEGORY_CODE, ROLE_CODE, EVENT_CODE, EVENT_NAME, ROLE_LABEL_KEY, EVENT_LABEL_KEY, STATUS) VALUES ('NWADM', 'R_DASHBOARD', 'E_DBRD_VAVBDOWNLOAD', 'Dashboard voucher availability download', 'role.label.dboardVAvailDownload', 'event.label.dboardVAvailDownload.VADownload', 'Y')

INSERT INTO "PRTP7_64ORC"."ROLE_EVENTS" (CATEGORY_CODE, ROLE_CODE, EVENT_CODE, EVENT_NAME, ROLE_LABEL_KEY, EVENT_LABEL_KEY, STATUS) VALUES ('NWADM', 'R_DASHBOARD', 'E_DBRD_VDETGENERATE', 'Dashboard view voucher details', 'role.label.dboardVDetailsGenerate', 'event.label.dboardVDetailsGenerate.Generate', 'Y')

INSERT INTO "PRTP7_64ORC"."ROLE_EVENTS" (CATEGORY_CODE, ROLE_CODE, EVENT_CODE, EVENT_NAME, ROLE_LABEL_KEY, EVENT_LABEL_KEY, STATUS) VALUES ('NWADM', 'R_DASHBOARD', 'E_DBRD_VIEWBURNRATE', 'Dashboard view burn rate', 'role.label.dboardviewBurnRate', 'event.label.dboardVburnRate.ViewBurnRate', 'Y')

INSERT INTO "PRTP7_64ORC"."ROLE_EVENTS" (CATEGORY_CODE, ROLE_CODE, EVENT_CODE, EVENT_NAME, ROLE_LABEL_KEY, EVENT_LABEL_KEY, STATUS) VALUES ('NWADM', 'R_DASHBOARD', 'E_DBRD_VIEWVOUCHCONS', 'Dashboard view voucher consumption', 'role.label.dboardviewVCons', 'event.label.dboardviewVCons.vouchCons', 'Y')

INSERT INTO "PRTP7_64ORC"."ROLE_EVENTS" (CATEGORY_CODE, ROLE_CODE, EVENT_CODE, EVENT_NAME, ROLE_LABEL_KEY, EVENT_LABEL_KEY, STATUS) VALUES ('NWADM', 'R_DASHBOARD', 'E_DBRD_VOAVAILBLTY', 'Dashboard voucher availability', 'role.label.dboardvouchAvail', 'event.label.dboardvouchAvail.vouchavailb', 'Y')

INSERT INTO "PRTP7_64ORC"."ROLE_EVENTS" (CATEGORY_CODE, ROLE_CODE, EVENT_CODE, EVENT_NAME, ROLE_LABEL_KEY, EVENT_LABEL_KEY, STATUS) VALUES ('NWADM', 'R_DASHBOARD', 'E_DBRD_VOUCHSTATUS', 'Dashboard voucher status', 'role.label.dboardvouchstatus', 'event.label.dboardvouchstatus.vouchstatus', 'Y')

INSERT INTO "PRTP7_64ORC"."ROLE_EVENTS" (CATEGORY_CODE, ROLE_CODE, EVENT_CODE, EVENT_NAME, ROLE_LABEL_KEY, EVENT_LABEL_KEY, STATUS) VALUES ('NWADM', 'R_DASHBOARD', 'E_DBRD_VSTSDOWNLOAD', 'Dashboard voucher status download', 'role.label.dboardVstatusDownload', 'event.label.dboardVstatusDownload.VSDownload', 'Y')

INSERT INTO "PRTP7_64ORC"."ROLE_EVENTS" (CATEGORY_CODE, ROLE_CODE, EVENT_CODE, EVENT_NAME, ROLE_LABEL_KEY, EVENT_LABEL_KEY, STATUS) VALUES ('NWADM', 'R_EXVOUCHEXP', 'E_UPDATE', 'Update', 'role.label.voucherexpiry', 'role.label.voucherexpiry.update', 'Y')

INSERT INTO "PRTP7_64ORC"."ROLE_EVENTS" (CATEGORY_CODE, ROLE_CODE, EVENT_CODE, EVENT_NAME, ROLE_LABEL_KEY, EVENT_LABEL_KEY, STATUS) VALUES ('NWADM', 'R_HOME', 'E_HOME', 'Home', 'role.label.home', 'event.label.home', 'Y')

INSERT INTO "PRTP7_64ORC"."ROLE_EVENTS" (CATEGORY_CODE, ROLE_CODE, EVENT_CODE, EVENT_NAME, ROLE_LABEL_KEY, EVENT_LABEL_KEY, STATUS) VALUES ('NWADM', 'R_VOMSENQUIRY', 'E_ENQUIRY', 'Enquiry', 'role.label.enquiry', 'event.label.vomsenquiry.enquiry', 'Y')

INSERT INTO "PRTP7_64ORC"."ROLE_EVENTS" (CATEGORY_CODE, ROLE_CODE, EVENT_CODE, EVENT_NAME, ROLE_LABEL_KEY, EVENT_LABEL_KEY, STATUS) VALUES ('NWADM', 'R_VOMSGENVOUAPPR1', 'E_APPROVE', 'Approve', 'role.label.approve', 'event.label.approve1.approve', 'Y')

INSERT INTO "PRTP7_64ORC"."ROLE_EVENTS" (CATEGORY_CODE, ROLE_CODE, EVENT_CODE, EVENT_NAME, ROLE_LABEL_KEY, EVENT_LABEL_KEY, STATUS) VALUES ('NWADM', 'R_VOMSGENVOUAPPR1', 'E_REJECT', 'Reject', 'role.label.reject', 'event.label.approve1.reject', 'Y')

INSERT INTO "PRTP7_64ORC"."ROLE_EVENTS" (CATEGORY_CODE, ROLE_CODE, EVENT_CODE, EVENT_NAME, ROLE_LABEL_KEY, EVENT_LABEL_KEY, STATUS) VALUES ('NWADM', 'R_VOMSGENVOUAPPR2', 'E_APPROVE', 'Approve', 'role.label.approve', 'event.label.approve2.approve', 'Y')

INSERT INTO "PRTP7_64ORC"."ROLE_EVENTS" (CATEGORY_CODE, ROLE_CODE, EVENT_CODE, EVENT_NAME, ROLE_LABEL_KEY, EVENT_LABEL_KEY, STATUS) VALUES ('NWADM', 'R_VOMSGENVOUAPPR2', 'E_REJECT', 'Reject', 'role.label.reject', 'event.label.approve2.reject', 'Y')

INSERT INTO "PRTP7_64ORC"."ROLE_EVENTS" (CATEGORY_CODE, ROLE_CODE, EVENT_CODE, EVENT_NAME, ROLE_LABEL_KEY, EVENT_LABEL_KEY, STATUS) VALUES ('NWADM', 'R_VOMSGENVOUAPPR3', 'E_APPROVE', 'Approve', 'role.label.approve', 'event.label.approve3.approve', 'Y')

INSERT INTO "PRTP7_64ORC"."ROLE_EVENTS" (CATEGORY_CODE, ROLE_CODE, EVENT_CODE, EVENT_NAME, ROLE_LABEL_KEY, EVENT_LABEL_KEY, STATUS) VALUES ('NWADM', 'R_VOMSGENVOUAPPR3', 'E_REJECT', 'Reject', 'role.label.reject', 'event.label.approve3.reject', 'Y')

INSERT INTO "PRTP7_64ORC"."ROLE_EVENTS" (CATEGORY_CODE, ROLE_CODE, EVENT_CODE, EVENT_NAME, ROLE_LABEL_KEY, EVENT_LABEL_KEY, STATUS) VALUES ('NWADM', 'R_VOMSGENVOUCH', 'E_GENERATE', 'Generate', 'role.label.generate', 'event.label.vouchergen.generate', 'Y')

INSERT INTO "PRTP7_64ORC"."ROLE_EVENTS" (CATEGORY_CODE, ROLE_CODE, EVENT_CODE, EVENT_NAME, ROLE_LABEL_KEY, EVENT_LABEL_KEY, STATUS) VALUES ('NWADM', 'R_VOMSREPORTS', 'E_REPORTS', 'Reports', 'role.label.vomsreports', 'event.label.vomsreports.report', 'Y')

INSERT INTO "PRTP7_64ORC"."ROLE_EVENTS" (CATEGORY_CODE, ROLE_CODE, EVENT_CODE, EVENT_NAME, ROLE_LABEL_KEY, EVENT_LABEL_KEY, STATUS) VALUES ('NWADM', 'R_VOMSSTATUS', 'E_STATUS', 'Status', 'role.label.vomsstatus', 'event.label.vomsstatus.status', 'Y')

INSERT INTO "PRTP7_64ORC"."ROLE_EVENTS" (CATEGORY_CODE, ROLE_CODE, EVENT_CODE, EVENT_NAME, ROLE_LABEL_KEY, EVENT_LABEL_KEY, STATUS) VALUES ('NWADM', 'R_VOMSTYPEMGMT', 'E_VOMSTYPEMGMT', 'View', 'role.label.vtypemgmt', 'event.label.vtypemgmt.view', 'Y')

INSERT INTO "PRTP7_64ORC"."ROLE_EVENTS" (CATEGORY_CODE, ROLE_CODE, EVENT_CODE, EVENT_NAME, ROLE_LABEL_KEY, EVENT_LABEL_KEY, STATUS) VALUES ('NWADM', 'R_VOMSUPLOAD', 'E_UPLOAD', 'Upload', 'role.label.vomsupload', 'event.label.vomsupload.upload', 'Y')

INSERT INTO "PRTP7_64ORC"."ROLE_EVENTS" (CATEGORY_CODE, ROLE_CODE, EVENT_CODE, EVENT_NAME, ROLE_LABEL_KEY, EVENT_LABEL_KEY, STATUS) VALUES ('NWADM', 'R_VOMSVIEWACTIVEPROF', 'E_ADDACTIVEPROF', 'add', 'role.label.activeProfile', 'event.label.activeProfile.add', 'Y')

INSERT INTO "PRTP7_64ORC"."ROLE_EVENTS" (CATEGORY_CODE, ROLE_CODE, EVENT_CODE, EVENT_NAME, ROLE_LABEL_KEY, EVENT_LABEL_KEY, STATUS) VALUES ('NWADM', 'R_VOMSVIEWACTIVEPROF', 'E_VIEWACTIVEPROF', 'View', 'role.label.activeProfile', 'event.label.activeProfile.view', 'Y')

INSERT INTO "PRTP7_64ORC"."ROLE_EVENTS" (CATEGORY_CODE, ROLE_CODE, EVENT_CODE, EVENT_NAME, ROLE_LABEL_KEY, EVENT_LABEL_KEY, STATUS) VALUES ('NWADM', 'R_VOMSVIEWBATCH', 'E_VIEWBATCH', 'View', 'role.label.viewbatchlist', 'event.label.viewbatchlist.view', 'Y')

INSERT INTO "PRTP7_64ORC"."ROLE_EVENTS" (CATEGORY_CODE, ROLE_CODE, EVENT_CODE, EVENT_NAME, ROLE_LABEL_KEY, EVENT_LABEL_KEY, STATUS) VALUES ('NWADM', 'R_VOMSVIEWCAT', 'E_ADDDENOM', 'Add', 'role.label.denomination', 'event.label.denomination.add', 'Y')

INSERT INTO "PRTP7_64ORC"."ROLE_EVENTS" (CATEGORY_CODE, ROLE_CODE, EVENT_CODE, EVENT_NAME, ROLE_LABEL_KEY, EVENT_LABEL_KEY, STATUS) VALUES ('NWADM', 'R_VOMSVIEWCAT', 'E_ADDPROF', 'Add', 'role.label.profile', 'event.label.profile.add', 'Y')

INSERT INTO "PRTP7_64ORC"."ROLE_EVENTS" (CATEGORY_CODE, ROLE_CODE, EVENT_CODE, EVENT_NAME, ROLE_LABEL_KEY, EVENT_LABEL_KEY, STATUS) VALUES ('NWADM', 'R_VOMSVIEWCAT', 'E_DELETEDENOM', 'Delete', 'role.label.denomination', 'event.label.denomination.delete', 'Y')

INSERT INTO "PRTP7_64ORC"."ROLE_EVENTS" (CATEGORY_CODE, ROLE_CODE, EVENT_CODE, EVENT_NAME, ROLE_LABEL_KEY, EVENT_LABEL_KEY, STATUS) VALUES ('NWADM', 'R_VOMSVIEWCAT', 'E_DELETEPROF', 'Delete', 'role.label.profile', 'event.label.profile.del', 'Y')

INSERT INTO "PRTP7_64ORC"."ROLE_EVENTS" (CATEGORY_CODE, ROLE_CODE, EVENT_CODE, EVENT_NAME, ROLE_LABEL_KEY, EVENT_LABEL_KEY, STATUS) VALUES ('NWADM', 'R_VOMSVIEWCAT', 'E_MODIFPROF', 'Mod', 'role.label.profile', 'event.label.profile.modify', 'Y')

INSERT INTO "PRTP7_64ORC"."ROLE_EVENTS" (CATEGORY_CODE, ROLE_CODE, EVENT_CODE, EVENT_NAME, ROLE_LABEL_KEY, EVENT_LABEL_KEY, STATUS) VALUES ('NWADM', 'R_VOMSVIEWCAT', 'E_MODIFYDENOM', 'Modify', 'role.label.denomination', 'event.label.denomination.modify', 'Y')

INSERT INTO "PRTP7_64ORC"."ROLE_EVENTS" (CATEGORY_CODE, ROLE_CODE, EVENT_CODE, EVENT_NAME, ROLE_LABEL_KEY, EVENT_LABEL_KEY, STATUS) VALUES ('NWADM', 'R_VOMSVIEWCAT', 'E_VIEWDENOM', 'View', 'role.label.denomination', 'event.label.denomination.view', 'Y')

INSERT INTO "PRTP7_64ORC"."ROLE_EVENTS" (CATEGORY_CODE, ROLE_CODE, EVENT_CODE, EVENT_NAME, ROLE_LABEL_KEY, EVENT_LABEL_KEY, STATUS) VALUES ('NWADM', 'R_VOMSVIEWCAT', 'E_VIEWPROF', 'View', 'role.label.profile', 'event.label.profile.view', 'Y')

 

Commit Successful

INSERT INTO "PRTP7_64ORC"."ROLES" (DOMAIN_TYPE, ROLE_CODE, ROLE_NAME, GROUP_NAME, STATUS, ROLE_TYPE, GROUP_ROLE, APPLICATION_ID, GATEWAY_TYPES, ROLE_FOR, IS_DEFAULT, IS_DEFAULT_GROUPROLE, ACCESS_TYPE, SUB_GROUP_NAME, SUB_GROUP_ROLE, VIEW_ROLES) VALUES ('OPERATOR', 'E_DBRD_ENQUIRY', N'Dashboard', N'Voucher Dashboard Reports', 'Y', 'A', 'N', '2', 'WEB', 'B', 'N', 'N', 'B', 'Sub_Group', 'N', 'Y')
INSERT INTO "PRTP7_64ORC"."ROLES" (DOMAIN_TYPE, ROLE_CODE, ROLE_NAME, GROUP_NAME, STATUS, ROLE_TYPE, GROUP_ROLE, APPLICATION_ID, GATEWAY_TYPES, ROLE_FOR, IS_DEFAULT, IS_DEFAULT_GROUPROLE, ACCESS_TYPE, SUB_GROUP_NAME, SUB_GROUP_ROLE, VIEW_ROLES) VALUES ('OPERATOR', 'E_DBRD_VAPENDING', N'Dashboard', N'Voucher Dashboard Reports', 'Y', 'A', 'N', '2', 'WEB', 'B', 'N', 'N', 'B', 'Sub_Group', 'N', 'Y')
INSERT INTO "PRTP7_64ORC"."ROLES" (DOMAIN_TYPE, ROLE_CODE, ROLE_NAME, GROUP_NAME, STATUS, ROLE_TYPE, GROUP_ROLE, APPLICATION_ID, GATEWAY_TYPES, ROLE_FOR, IS_DEFAULT, IS_DEFAULT_GROUPROLE, ACCESS_TYPE, SUB_GROUP_NAME, SUB_GROUP_ROLE, VIEW_ROLES) VALUES ('OPERATOR', 'E_DBRD_VAVBDOWNLOAD', N'Dashboard', N'Voucher Dashboard Reports', 'Y', 'A', 'N', '2', 'WEB', 'B', 'N', 'N', 'B', 'Sub_Group', 'N', 'Y')
INSERT INTO "PRTP7_64ORC"."ROLES" (DOMAIN_TYPE, ROLE_CODE, ROLE_NAME, GROUP_NAME, STATUS, ROLE_TYPE, GROUP_ROLE, APPLICATION_ID, GATEWAY_TYPES, ROLE_FOR, IS_DEFAULT, IS_DEFAULT_GROUPROLE, ACCESS_TYPE, SUB_GROUP_NAME, SUB_GROUP_ROLE, VIEW_ROLES) VALUES ('OPERATOR', 'E_DBRD_VDETGENERATE', N'Dashboard', N'Voucher Dashboard Reports', 'Y', 'A', 'N', '2', 'WEB', 'B', 'N', 'N', 'B', 'Sub_Group', 'N', 'Y')
INSERT INTO "PRTP7_64ORC"."ROLES" (DOMAIN_TYPE, ROLE_CODE, ROLE_NAME, GROUP_NAME, STATUS, ROLE_TYPE, GROUP_ROLE, APPLICATION_ID, GATEWAY_TYPES, ROLE_FOR, IS_DEFAULT, IS_DEFAULT_GROUPROLE, ACCESS_TYPE, SUB_GROUP_NAME, SUB_GROUP_ROLE, VIEW_ROLES) VALUES ('OPERATOR', 'E_DBRD_VIEWBURNRATE', N'Dashboard', N'Voucher Dashboard Reports', 'Y', 'A', 'N', '2', 'WEB', 'B', 'N', 'N', 'B', 'Sub_Group', 'N', 'Y')
INSERT INTO "PRTP7_64ORC"."ROLES" (DOMAIN_TYPE, ROLE_CODE, ROLE_NAME, GROUP_NAME, STATUS, ROLE_TYPE, GROUP_ROLE, APPLICATION_ID, GATEWAY_TYPES, ROLE_FOR, IS_DEFAULT, IS_DEFAULT_GROUPROLE, ACCESS_TYPE, SUB_GROUP_NAME, SUB_GROUP_ROLE, VIEW_ROLES) VALUES ('OPERATOR', 'E_DBRD_VIEWVOUCHCONS', N'Dashboard', N'Voucher Dashboard Reports', 'Y', 'A', 'N', '2', 'WEB', 'B', 'N', 'N', 'B', 'Sub_Group', 'N', 'Y')
INSERT INTO "PRTP7_64ORC"."ROLES" (DOMAIN_TYPE, ROLE_CODE, ROLE_NAME, GROUP_NAME, STATUS, ROLE_TYPE, GROUP_ROLE, APPLICATION_ID, GATEWAY_TYPES, ROLE_FOR, IS_DEFAULT, IS_DEFAULT_GROUPROLE, ACCESS_TYPE, SUB_GROUP_NAME, SUB_GROUP_ROLE, VIEW_ROLES) VALUES ('OPERATOR', 'E_DBRD_VOAVAILBLTY', N'Dashboard', N'Voucher Dashboard Reports', 'Y', 'A', 'N', '2', 'WEB', 'B', 'N', 'N', 'B', 'Sub_Group', 'N', 'Y')
INSERT INTO "PRTP7_64ORC"."ROLES" (DOMAIN_TYPE, ROLE_CODE, ROLE_NAME, GROUP_NAME, STATUS, ROLE_TYPE, GROUP_ROLE, APPLICATION_ID, GATEWAY_TYPES, ROLE_FOR, IS_DEFAULT, IS_DEFAULT_GROUPROLE, ACCESS_TYPE, SUB_GROUP_NAME, SUB_GROUP_ROLE, VIEW_ROLES) VALUES ('OPERATOR', 'E_DBRD_VOUCHSTATUS', N'Dashboard', N'Voucher Dashboard Reports', 'Y', 'A', 'N', '2', 'WEB', 'B', 'N', 'N', 'B', 'Sub_Group', 'N', 'Y')
INSERT INTO "PRTP7_64ORC"."ROLES" (DOMAIN_TYPE, ROLE_CODE, ROLE_NAME, GROUP_NAME, STATUS, ROLE_TYPE, GROUP_ROLE, APPLICATION_ID, GATEWAY_TYPES, ROLE_FOR, IS_DEFAULT, IS_DEFAULT_GROUPROLE, ACCESS_TYPE, SUB_GROUP_NAME, SUB_GROUP_ROLE, VIEW_ROLES) VALUES ('OPERATOR', 'E_DBRD_VSTSDOWNLOAD', N'Dashboard', N'Voucher Dashboard Reports', 'Y', 'A', 'N', '2', 'WEB', 'B', 'N', 'N', 'B', 'Sub_Group', 'N', 'Y')
Commit Successful

INSERT INTO "PRTP7_64ORC"."CATEGORY_ROLES" (CATEGORY_CODE, ROLE_CODE, APPLICATION_ID) VALUES ('SUADM', 'E_DBRD_ENQUIRY', '2')
INSERT INTO "PRTP7_64ORC"."CATEGORY_ROLES" (CATEGORY_CODE, ROLE_CODE, APPLICATION_ID) VALUES ('SUADM', 'E_DBRD_VAPENDING', '2')
INSERT INTO "PRTP7_64ORC"."CATEGORY_ROLES" (CATEGORY_CODE, ROLE_CODE, APPLICATION_ID) VALUES ('SUADM', 'E_DBRD_VAVBDOWNLOAD', '2')
INSERT INTO "PRTP7_64ORC"."CATEGORY_ROLES" (CATEGORY_CODE, ROLE_CODE, APPLICATION_ID) VALUES ('SUADM', 'E_DBRD_VDETGENERATE', '2')
INSERT INTO "PRTP7_64ORC"."CATEGORY_ROLES" (CATEGORY_CODE, ROLE_CODE, APPLICATION_ID) VALUES ('SUADM', 'E_DBRD_VIEWBURNRATE', '2')
INSERT INTO "PRTP7_64ORC"."CATEGORY_ROLES" (CATEGORY_CODE, ROLE_CODE, APPLICATION_ID) VALUES ('SUADM', 'E_DBRD_VIEWVOUCHCONS', '2')
INSERT INTO "PRTP7_64ORC"."CATEGORY_ROLES" (CATEGORY_CODE, ROLE_CODE, APPLICATION_ID) VALUES ('SUADM', 'E_DBRD_VOAVAILBLTY', '2')
INSERT INTO "PRTP7_64ORC"."CATEGORY_ROLES" (CATEGORY_CODE, ROLE_CODE, APPLICATION_ID) VALUES ('SUADM', 'E_DBRD_VOUCHSTATUS', '2')
INSERT INTO "PRTP7_64ORC"."CATEGORY_ROLES" (CATEGORY_CODE, ROLE_CODE, APPLICATION_ID) VALUES ('SUADM', 'E_DBRD_VSTSDOWNLOAD', '2')
Commit Successful
INSERT INTO page_ui_roles
(role_code, page_code)
VALUES('E_DBRD_ENQUIRY', 'P_VMS_HOME_MAIN');
INSERT INTO page_ui_roles
(role_code, page_code)
VALUES('E_DBRD_VIEWVOUCHCONS', 'P_VMS_HOME_MAIN');
INSERT INTO page_ui_roles
(role_code, page_code)
VALUES('E_DBRD_VOAVAILBLTY', 'P_VMS_HOME_MAIN');
INSERT INTO page_ui_roles
(role_code, page_code)
VALUES('E_DBRD_VOUCHSTATUS', 'P_VMS_HOME_MAIN');
INSERT INTO page_ui_roles
(role_code, page_code)
VALUES('E_DBRD_VDETGENERATE', 'P_VMS_HOME_MAIN');
INSERT INTO page_ui_roles
(role_code, page_code)
VALUES('E_DBRD_VAPENDING', 'P_VMS_HOME_MAIN');
INSERT INTO page_ui_roles
(role_code, page_code)
VALUES('E_DBRD_VAVBDOWNLOAD', 'P_VMS_HOME_MAIN');
INSERT INTO page_ui_roles
(role_code, page_code)
VALUES('E_DBRD_VSTSDOWNLOAD', 'P_VMS_HOME_MAIN');
INSERT INTO page_ui_roles
(role_code, page_code)
VALUES('E_DBRD_VIEWBURNRATE', 'P_VMS_HOME_MAIN');
INSERT INTO page_ui_roles
(role_code, page_code)
VALUES('R_VOMSVIEWBATCH', 'P_VMS_HOME_MAIN');
[11:21 AM] Deepanshu Arora
INSERT INTO pages_ui
(page_code, module_code, page_url, menu_name, show_menu, sequence_no, menu_level, parent_page_code, image, role_code, domain_type, category_code, page_type, app_name)
VALUES('P_VMS_HOME_MAIN', 'VMS_TEMP', '/vmsuiall/home', 'Home', 'Y', 14, '1', 'ROOT', 'assets/images/home/svg/home.svg', NULL, 'OPERATOR', NULL, NULL, 'vms');
-- Akhilesh Commit End

INSERT INTO roles
(domain_type, role_code, role_name, group_name, status, role_type, from_hour, to_hour, group_role, application_id, gateway_types, role_for, is_default, is_default_grouprole, access_type, sub_group_name, sub_group_role, view_roles)
VALUES('OPERATOR', 'DELPROMTRFRULE', 'Delete promotional trf rule', 'Promotional transfer rule', 'Y', 'A', NULL, NULL, 'N', '1', 'WEB', 'B', 'N', 'N', 'B', 'Sub_Group', 'N', 'Y');

INSERT INTO category_roles
(category_code, role_code, application_id)
VALUES('NWADM', 'DELPROMTRFRULE', '1');



#PRETUPS-24921
INSERT INTO cache_types
(cache_code, cache_name, status, cache_key)
VALUES('SUBLOOKUP', 'Sub looksup Cache', 'Y', 'updatecacheservlet.sublookupcache');